PaymentID,OrderID,PaymentDate,PaymentStatus
800414,500414,2026-06-27,Paid
803005,503005,2025-05-01,Paid
803416,503416,2025-04-03,Paid
803960,503960,2024-04-22,Paid
806337,506337,2024-12-21,Paid
809199,509199,2024-11-28,Paid
809225,509225,2025-12-22,Paid
810103,510103,2025-09-21,Paid
811036,511036,2025-09-28,Paid
812820,512820,2024-05-11,Paid
813318,513318,2024-09-04,Paid
819585,519585,2025-09-11,Paid
821836,521836,2025-10-13,Paid
822031,522031,2024-07-10,Paid
825686,525686,2025-10-05,Paid
831833,531833,2024-01-05,Paid
834022,534022,2025-12-29,Paid
834707,534707,2025-04-20,Paid
838705,538705,2024-12-24,Paid
841289,541289,2024-01-10,Paid
842642,542642,2025-04-28,Paid
844242,544242,2024-09-14,Paid
844633,544633,2025-01-12,Paid
844684,544684,2025-08-10,Paid
847612,547612,2025-08-06,Paid
